{
    "accuracy": [
        0.8455721139907837,
        0.9002195596694946,
        0.8960722088813782,
        0.9094901084899902,
        0.9229080080986023,
        0.9194925427436829,
        0.9265674352645874,
        0.9353500604629517,
        0.9248597025871277,
        0.9324225187301636,
        0.9409611821174622,
        0.9402292966842651,
        0.9460844397544861,
        0.9404732584953308,
        0.944620668888092,
        0.9416930675506592,
        0.9548670649528503,
        0.9555989503860474,
        0.9526714086532593,
        0.9585264921188354,
        0.9509636759757996,
        0.9604781866073608,
        0.9604781866073608,
        0.9597463011741638,
        0.9619419574737549
    ],
    "loss": [
        0.3746297061443329,
        0.2505708634853363,
        0.2645725607872009,
        0.22233644127845764,
        0.1950894147157669,
        0.1956646889448166,
        0.17914970219135284,
        0.16236935555934906,
        0.18406742811203003,
        0.16340704262256622,
        0.15480555593967438,
        0.137839674949646,
        0.1458253711462021,
        0.14051203429698944,
        0.1313096433877945,
        0.142216756939888,
        0.12250737100839615,
        0.1156635507941246,
        0.11909901350736618,
        0.10111867636442184,
        0.12185125797986984,
        0.09572551399469376,
        0.10171323269605637,
        0.09871940314769745,
        0.10040106624364853
    ],
    "precision": [
        0.9386160969734192,
        0.9657287001609802,
        0.9658554196357727,
        0.9702081680297852,
        0.9701230525970459,
        0.9756882190704346,
        0.9779673218727112,
        0.976906955242157,
        0.9721928834915161,
        0.978153645992279,
        0.9777545928955078,
        0.9810791611671448,
        0.9819067716598511,
        0.9814230799674988,
        0.977869987487793,
        0.9821303486824036,
        0.9858033061027527,
        0.9854822158813477,
        0.9827407598495483,
        0.988569438457489,
        0.9823651313781738,
        0.988263726234436,
        0.9872545599937439,
        0.9879143834114075,
        0.9872808456420898
    ],
    "recall": [
        0.8435305953025818,
        0.8950183987617493,
        0.8890003561973572,
        0.9037111401557922,
        0.9227682948112488,
        0.9124038815498352,
        0.9200935959815979,
        0.9334670901298523,
        0.9234369993209839,
        0.9281176924705505,
        0.9404881596565247,
        0.9361417293548584,
        0.9434971809387207,
        0.9361417293548584,
        0.9455031752586365,
        0.9371447563171387,
        0.9518555402755737,
        0.9531928896903992,
        0.9518555402755737,
        0.9541959166526794,
        0.949849545955658,
        0.9572049379348755,
        0.9582079648971558,
        0.9565362930297852,
        0.9602139592170715
    ],
    "val_accuracy": [
        0.2881549000740051,
        0.7961275577545166,
        0.9191343784332275,
        0.9419134259223938,
        0.9396355152130127,
        0.9384965896606445,
        0.9350797533988953,
        0.9384965896606445,
        0.9293849468231201,
        0.9476081728935242,
        0.9214122891426086,
        0.9419134259223938,
        0.9487471580505371,
        0.9305239319801331,
        0.9202733635902405,
        0.9157175421714783,
        0.9601366519927979,
        0.962414562702179,
        0.9430524110794067,
        0.9555808901786804,
        0.9589977264404297,
        0.9555808901786804,
        0.9601366519927979,
        0.9498860836029053,
        0.9521639943122864
    ],
    "val_loss": [
        1.0218974351882935,
        0.4556213319301605,
        0.20490436255931854,
        0.15305964648723602,
        0.1550554633140564,
        0.18015047907829285,
        0.15280160307884216,
        0.15941694378852844,
        0.15857291221618652,
        0.14764828979969025,
        0.19143365323543549,
        0.1545172780752182,
        0.14724446833133698,
        0.1785394549369812,
        0.2036697417497635,
        0.19928425550460815,
        0.11967233568429947,
        0.10880222171545029,
        0.13661989569664001,
        0.12525519728660583,
        0.1187945231795311,
        0.12991619110107422,
        0.12173967808485031,
        0.13080646097660065,
        0.12713876366615295
    ],
    "val_precision": [
        1.0,
        0.9657257795333862,
        0.9656862616539001,
        0.9566563367843628,
        0.9666666388511658,
        0.9741518497467041,
        0.975570023059845,
        0.9726247787475586,
        0.9800994992256165,
        0.9541984796524048,
        0.9847457408905029,
        0.9867987036705017,
        0.9837662577629089,
        0.9898648858070374,
        0.9863713979721069,
        0.9896373152732849,
        0.9749216437339783,
        0.9735202789306641,
        0.9884297251701355,
        0.990227997303009,
        0.9886914491653442,
        0.991830050945282,
        0.9902912378311157,
        0.9917627573013306,
        0.9901800155639648
    ],
    "val_recall": [
        0.024960998445749283,
        0.747269868850708,
        0.9219968914985657,
        0.9641185402870178,
        0.950078010559082,
        0.9407176375389099,
        0.9344773888587952,
        0.9422776699066162,
        0.9219968914985657,
        0.975039005279541,
        0.9063962697982788,
        0.9329172968864441,
        0.9453977942466736,
        0.9141965508460999,
        0.9032761454582214,
        0.8939157724380493,
        0.9703587889671326,
        0.975039005279541,
        0.9329172968864441,
        0.948517918586731,
        0.9547581672668457,
        0.9469578862190247,
        0.9547581672668457,
        0.9391575455665588,
        0.9438377618789673
    ],
    "learning_rate": [
        2.9999999242136255e-05,
        2.9999999242136255e-05,
        2.9999999242136255e-05,
        2.9999999242136255e-05,
        2.9999999242136255e-05,
        2.9999999242136255e-05,
        2.9999999242136255e-05,
        2.9999999242136255e-05,
        2.9999999242136255e-05,
        2.9999999242136255e-05,
        2.9999999242136255e-05,
        2.9999999242136255e-05,
        2.9999999242136255e-05,
        2.9999999242136255e-05,
        2.9999999242136255e-05,
        2.9999999242136255e-05,
        1.4999999621068127e-05,
        1.4999999621068127e-05,
        1.4999999621068127e-05,
        1.4999999621068127e-05,
        1.4999999621068127e-05,
        7.499999810534064e-06,
        7.499999810534064e-06,
        7.499999810534064e-06,
        3.749999905267032e-06
    ]
}